AIRCRAFT,DATE,REGION/OPERATING GROUP,CITY OF PURCHASE,FUEL CO.,METHOD OF PAYMENT,TOTAL LITRES,PRICE/LITRE INCLUDING PROVINCIAL & FEDERAL FUEL TAXES (CAD $),EXTENDED COST (CAD $)
GXS,10/7/2019,"MOUNT HOPE, ON",HAMILTON,WORLD FUELS,NSO,704,1.094957386,770.85
GXS,10/8/2019,"MOUNT HOPE, ON",HAMILTON,WORLD FUELS,NSO,615,1.077447154,662.63
GXL,10/8/2019,"MOUNT HOPE, ON",HAMILTON,WORLD FUELS,NSO,440,1.077454545,474.08
GXS,10/8/2019,"MOUNT HOPE, ON",THUNDER BAY,SHELL,NSO,691.1,0.955086095,660.06
GXL,10/9/2019,"MOUNT HOPE, ON",SAULT STE. MARIE,AVJET,NSO,584,1.098681507,641.63
GXS,10/9/2019,"MOUNT HOPE, ON",HAMILTON,WORLD FUELS,NSO,850.4,1.077469426,916.28
GXL,10/9/2019,"MOUNT HOPE, ON",HAMILTON,WORLD FUELS,NSO,440.2,1.077442072,474.29
GXL,10/11/2019,"MOUNT HOPE, ON",HAMILTON,WORLD FUELS,NSO,148.8,1.077486559,160.33
GXS,10/11/2019,"MOUNT HOPE, ON",HAMILTON,WORLD FUELS,NSO,680.9,1.077456308,733.64
GXL,10/11/2019,"MOUNT HOPE, ON",HAMILTON,WORLD FUELS,NSO,587,1.077444634,632.46
GXS,10/15/2019,"MOUNT HOPE, ON",SAULT STE. MARIE,AVJET,NSO,667.9,1.116798922,745.91
GXS,10/15/2019,"MOUNT HOPE, ON",HAMILTON,WORLD FUELS,NSO,446.7,1.095634654,489.42
GXL,10/15/2019,"MOUNT HOPE, ON",TIMMINS,WORLD FUELS,NSO,430,1.402348837,603.01
GXL,10/16/2019,"MOUNT HOPE, ON",HAMILTON,WORLD FUELS,NSO,730,1.095630137,799.81
GXL,10/18/2019,"MOUNT HOPE, ON",HAMILTON,WORLD FUELS,NSO,815.6,1.095610593,893.58
GXS,10/24/2019,"MOUNT HOPE, ON",HAMILTON,WORLD FUELS,NSO,205.3,1.092352655,224.26
GXS,10/25/2019,"MOUNT HOPE, ON",HAMILTON,WORLD FUELS,NSO,147.8,1.092354533,161.45
GXS,10/28/2019,"MOUNT HOPE, ON",HAMILTON,WORLD FUELS,NSO,565.6,1.092309052,617.81
GXL,10/28/2019,"MOUNT HOPE, ON",HAMILTON,WORLD FUELS,NSO,500,1.09232,546.16
GXL,10/29/2019,"MOUNT HOPE, ON",HAMILTON,WORLD FUELS,NSO,215.6,1.094805195,236.04
CIR,10/1/2019,"PARRY SOUND, ON","PINE DOCK, MB",INTERLAKE,CREDIT CARD,314,2.1,659.4
CIR,10/2/2019,"PARRY SOUND, ON","PINE DOCK, MB",INTERLAKE,CREDIT CARD,319,2.1,669.9
CIQ,10/2/2019,"PARRY SOUND, ON",GORE BAY,GORE BAY A/P,CREDIT CARD,380,1.79,680.2
CIR,10/3/2019,"PARRY SOUND, ON","PINE DOCK, MB",INTERLAKE,CREDIT CARD,500,2.1,1050
CIR,10/4/2019,"PARRY SOUND, ON",KENORA,SHELL,CREDIT CARD,609.1,2.071597439,1261.81
CIR,10/4/2019,"PARRY SOUND, ON",THUNDER BAY,SHELL,NSO,785,0.972611465,763.5
CIR,10/4/2019,"PARRY SOUND, ON",SAULT STE. MARIE,AVJET,NSO,735.3,1.116183871,820.73
CIQ,10/4/2019,"PARRY SOUND, ON",GORE BAY,GORE BAY A/P,CREDIT CARD,353,1.79,631.87
CIQ,10/4/2019,"PARRY SOUND, ON",GORE BAY,GORE BAY A/P,CREDIT CARD,290,1.79,519.1
CIQ,10/7/2019,"PARRY SOUND, ON",BROCKVILLE,BROCKVILLE A/P,CREDIT CARD,599,1.770834725,1060.73
CIQ,10/8/2019,"PARRY SOUND, ON",GORE BAY,GORE BAY A/P,CREDIT CARD,250,1.79,447.5
CIQ,10/8/2019,"PARRY SOUND, ON",GORE BAY,GORE BAY A/P,CREDIT CARD,270,1.79,483.3
CIQ,10/9/2019,"PARRY SOUND, ON",GORE BAY,GORE BAY A/P,CREDIT CARD,440,1.79,787.6
CIQ,10/10/2019,"PARRY SOUND, ON",OWEN SOUND,WIARTON A/P,CREDIT CARD,358.53,1.4502831,519.97
CIR,10/29/2019,"PARRY SOUND, ON",PEMBROKE,PEMBROKE A/P,CREDIT CARD,686,1.82,1248.52
CIR,10/30/2019,"PARRY SOUND, ON",PEMBROKE,PEMBROKE A/P,CREDIT CARD,1112,1.82,2023.84
JCZ,10/2/2019,"MONCTON, NB (AV)",MONCTON,SHELL,STANDING OFFER,850,0.7733,756.42
JCZ,10/2/2019,"MONCTON, NB (AV)",GANDER,WOODWARD,STANDING OFFER,457,0.7315,496
JCZ,10/2/2019,"MONCTON, NB (AV)",ST. JOHN'S,WOODWARD,STANDING OFFER,861,0.7276,768.53
JCZ,10/3/2019,"MONCTON, NB (AV)",MONCTON,SHELL,STANDING OFFER,1300,0.7733,1156.87
JCZ,10/3/2019,"MONCTON, NB (AV)",ST. JOHN'S,WOODWARD,STANDING OFFER,1020.2,0.7276,910.64
JCZ,10/7/2019,"MONCTON, NB (AV)",MONCTON,SHELL,STANDING OFFER,1313,0.7733,1168.44
JCZ,10/8/2019,"MONCTON, NB (AV)",MONCTON,SHELL,STANDING OFFER,1140.2,0.7558,994.71
JCZ,10/21/2019,"MONCTON, NB (AV)",MONCTON,SHELL,STANDING OFFER,1030,0.7739,917.22
JCZ,10/21/2019,"MONCTON, NB (AV)",GANDER,WOODWARD,STANDING OFFER,1198,0.7289,1083.09
JCZ,10/23/2019,"MONCTON, NB (AV)",MONCTON,SHELL,STANDING OFFER,910,0.7706,807.36
JCZ,10/24/2019,"MONCTON, NB (AV)",MONCTON,SHELL,STANDING OFFER,1360.6,0.7706,1207.13
JCZ,10/25/2019,"MONCTON, NB (AV)",OTTAWA,SHELL,STANDING OFFER,1054.8,0.7911,1001.74
JCZ,10/25/2019,"MONCTON, NB (AV)",MONCTON,SHELL,STANDING OFFER,1535,0.7706,1361.86
JCZ,10/24/2019,"MONCTON, NB (AV)",WABUSH,HARNOIS,STANDING OFFER,900,1.113,1106.64
JCZ,10/29/2019,"MONCTON, NB (AV)",GOOSE BAY,WOODWARD,STANDING OFFER,1700,0.8466,1749.72
JCZ,10/29/2019,"MONCTON, NB (AV)",MONCTON,SHELL,STANDING OFFER,1200,0.7732,1067.76
CFJ,10/1/2019,"MONCTON, NB (GREEN PLAN)",MONCTON,SHELL,STANDARD OFFER,2882.5,0.7733,2565.14
CFJ,10/2/2019,"MONCTON, NB (GREEN PLAN)",MONCTON,SHELL,STANDARD OFFER,3995.1,0.7733,3555.24
CFJ,10/3/2019,"MONCTON, NB (GREEN PLAN)",MONCTON,SHELL,STANDARD OFFER,3248.3,0.7733,2890.66
CFJ,10/4/2019,"MONCTON, NB (GREEN PLAN)",MONCTON,SHELL,STANDARD OFFER,3430.9,0.7733,3053.15
CFJ,10/6/2019,"MONCTON, NB (GREEN PLAN)",MONCTON,SHELL,STANDARD OFFER,3571.3,0.7733,3178.1
CFJ,10/7/2019,"MONCTON, NB (GREEN PLAN)",MONCTON,SHELL,STANDARD OFFER,3573.3,0.7733,3179.87
CFJ,10/8/2019,"MONCTON, NB (GREEN PLAN)",MONCTON,SHELL,STANDARD OFFER,2877.6,0.7558,2510.41
CFJ,10/9/2019,"MONCTON, NB (GREEN PLAN)",MONCTON,SHELL,STANDARD OFFER,3962.3,0.7558,3456.71
CFJ,10/10/2019,"MONCTON, NB (GREEN PLAN)",MONCTON,SHELL,STANDARD OFFER,3079.1,0.7558,2686.2
CFJ,10/11/2019,"MONCTON, NB (GREEN PLAN)",MONCTON,SHELL,STANDARD OFFER,1659.7,0.7558,1447.92
CFJ,10/13/2019,"MONCTON, NB (GREEN PLAN)",MONCTON,SHELL,STANDARD OFFER,3689.1,0.7558,3218.37
CFJ,10/14/2019,"MONCTON, NB (GREEN PLAN)",MONCTON,SHELL,STANDARD OFFER,3482.3,0.7558,3037.96
CFJ,10/15/2019,"MONCTON, NB (GREEN PLAN)",MONCTON,SHELL,STANDARD OFFER,3135.6,0.7739,2792.25
CFJ,10/16/2019,"MONCTON, NB (GREEN PLAN)",MONCTON,SHELL,STANDARD OFFER,3284.6,0.7739,2924.94
CFJ,10/19/2019,"MONCTON, NB (GREEN PLAN)",MONCTON,SHELL,STANDARD OFFER,3246.7,0.7739,2891.19
CFJ,10/20/2019,"MONCTON, NB (GREEN PLAN)",MONCTON,SHELL,STANDARD OFFER,2785.4,0.7739,2480.41
CFJ,10/20/2019,"MONCTON, NB (GREEN PLAN)",SEPT-ILES,AVJET,STANDARD OFFER,3725.5,0.9227,3698.31
CFJ,10/21/2019,"MONCTON, NB (GREEN PLAN)",MONCTON,SHELL,STANDARD OFFER,1746.3,0.7739,1555.08
CFJ,10/21/2019,"MONCTON, NB (GREEN PLAN)",HARVE ST-PIERRE,AVJET,PR # 155542,2898,1.6591,5010.94
CFJ,10/22/2019,"MONCTON, NB (GREEN PLAN)",MONCTON,SHELL,STANDARD OFFER,1846,0.7706,1637.77
CFJ,10/23/2019,"MONCTON, NB (GREEN PLAN)",MONCTON,SHELL,STANDARD OFFER,3158.3,0.7706,2802.05
CFJ,10/24/2019,"MONCTON, NB (GREEN PLAN)",MONCTON,SHELL,STANDARD OFFER,2287.7,0.7706,2029.65
CFJ,10/25/2019,"MONCTON, NB (GREEN PLAN)",MONCTON,SHELL,STANDARD OFFER,3704.9,0.7706,3286.99
CFJ,10/26/2019,"MONCTON, NB (GREEN PLAN)",MONCTON,SHELL,STANDARD OFFER,3789.9,0.7706,3362.41
CFJ,10/27/2019,"MONCTON, NB (GREEN PLAN)",MONCTON,SHELL,STANDARD OFFER,3543.6,0.7706,3143.88
CFJ,10/28/2019,"MONCTON, NB (GREEN PLAN)",MONCTON,SHELL,STANDARD OFFER,1049.8,0.7706,1071.1
CFJ,10/28/2019,"MONCTON, NB (GREEN PLAN)",MONCTON,SHELL,STANDARD OFFER,2103.3,0.7706,1866.04
CFJ,10/30/2019,"MONCTON, NB (GREEN PLAN)",MONCTON,SHELL,STANDARD OFFER,3257.1,0.7732,2898.17
CFJ,10/18/2019,"MONCTON, NB (GREEN PLAN)",MONCTON,SHELL,STANDARD OFFER,3415.3,0.7739,3041.32
CFJ,10/27/2019,"MONCTON, NB (GREEN PLAN)",MONCTON,AVJET,PR156683,2702,1.6457,4837.84
CGDOT,10/9/2019,"MONTREAL, QC",GOOSEBAY,WOODWARD,INVOICE,234.3,1.47102006,344.66
CGDOT,10/9/2019,"MONTREAL, QC",GOOSEBAY,WOODWARD,INVOICE,257,1.471011673,378.05
CGDOT,10/9/2019,"MONTREAL, QC",GOOSEBAY,WOODWARD,INVOICE,211,1.048341232,221.2
CGDOT,10/10/2019,"MONTREAL, QC",GOOSEBAY,WOODWARD,INVOICE,402.32,1.04829489,421.75
CGDOT,10/10/2019,"MONTREAL, QC",SEPT-ILES,AVJET  ,INVOICE,210.5,0.974631829,205.16
CGDOT,10/11/2019,"MONTREAL, QC",HAVRE ST-PIERRE,AVJET,INVOICE,323,1.711393189,552.78
CFGXH,10/15/2019,"MONTREAL, QC",MONTREAL,AVJET - SWISSPORT,INVOICE,295,0.980813559,289.34
CFGXH,10/16/2019,"MONTREAL, QC",MONCTON,SHELL AVIATION,INVOICE,472.6,0.890520525,420.86
CFKCE,10/16/2019,"MONTREAL, QC",MONTREAL,AVJET - SWISSPORT,INVOICE,430,0.980790698,421.74
CGDOT,10/16/2019,"MONTREAL, QC",MONTREAL,AVJET - SWISSPORT,INVOICE,276,0.980797101,270.7
CGDOT,10/19/2019,"MONTREAL, QC",GOOSEBAY,WOODWARD,INVOICE,339,1.47100295,498.67
CGDOT,10/19/2019,"MONTREAL, QC",GOOSEBAY,WOODWARD,INVOICE,482,1.470995851,709.02
CFMOT,10/22/2019,"MONTREAL, QC",TROIS-RIVIRES,TROIS-RIVIRES,INVOICE,277,1.26,349.02
CFKCE,10/22/2019,"MONTREAL, QC",MONTREAL,AVJET - SWISSPORT,INVOICE,1593,0.977602009,1557.32
CFMOT,10/22/2019,"MONTREAL, QC",CHARLEVOIX,CHARLEVOIX-EST,INVOICE,346,1.635,565.71
CFMOT,10/25/2019,"MONTREAL, QC",MONTREAL,AVJET - SWISSPORT,INVOICE,197,0.977614213,192.59
CFMOT,10/22/2019,"MONTREAL, QC",MRC DE CHARLEVOIX,MRC DE CHARLEVOIX,INVOICE,346,1.635,565.71
CGCRA,8/22/2019,NEWFOUNDLAND,GANDER (INV REC'D OCT 9),WOODWARDS,SO,848,0.86986,641.43
CGCRA,9/4/2019,NEWFOUNDLAND,BURGEO (INV REC'D OCT 11),AVIATION REFUELING,STRAIGHT PAYMENT,730,2.05,1298.96
CGCIP,9/4/2019,NEWFOUNDLAND,BURGEO (INV REC'D OCT 11),AVIATION REFUELING,STRAIGHT PAYMENT,451,2.05,802.51
CGCQK,9/6/2019,NEWFOUNDLAND,PLUM POINT (INV REC'D OCT 11),AVIATION REFUELING,STRAIGHT PAYMENT,458,2.02,806.31
CGCRA,9/10/2019,NEWFOUNDLAND,MILLTOWN (INV REC'D OCT 11),AVIATION REFUELING,STRAIGHT PAYMENT,816,2.05,1451.99
CGCQK,10/1/2019,NEWFOUNDLAND,ST. JOHN'S,WOODWARDS,SO,467,1.0265,416.84
CGCIP,10/2/2019,NEWFOUNDLAND,DEER LAKE,WOODWARDS,SO,161,0.9808,13.74
CGCQK,10/3/2019,NEWFOUNDLAND,ST. JOHN'S,WOODWARDS,SO,528.1,1.0265,471.38
CGCGQ,10/5/2019,NEWFOUNDLAND,SYDNEY,IRVING OIL,STRAIGHT PAYMENT,647,1.2233,794.42
CGCIP,10/7/2019,NEWFOUNDLAND,GOOSE BAY,WOODWARDS,STRAIGHT PAYMENT,497.8,1.04834,453.79
CGCIP,10/8/2019,NEWFOUNDLAND,NAIN,WOODWARDS,STRAIGHT PAYMENT,587,1.471,863.48
CGCQK,10/9/2019,NEWFOUNDLAND,ST. JOHN'S,WOODWARDS,SO,536.2,1.0064,469.23
CGCQK,10/9/2019,NEWFOUNDLAND,ST. JOHN'S,WOODWARDS,SO,537,1.00637,469.93
CGCGQ,10/9/2019,NEWFOUNDLAND,ST. JOHN'S,WOODWARDS,SO,765,1.00637,669.46
CGCQK,10/9/2019,NEWFOUNDLAND,MARY'S HARBOUR,WOODWARDS,STRAIGHT PAYMENT,604,1.471,888.48
CGCIP,10/11/2019,NEWFOUNDLAND,GOOSE BAY,WOODWARDS,STRAIGHT PAYMENT,461.9,1.04834,421.07
CGCGQ,10/17/2019,NEWFOUNDLAND,ST. JOHN'S,WOODWARDS,SO,782.1,1.02718,698.57
CGCQK,10/17/2019,NEWFOUNDLAND,ST. JOHN'S,WOODWARDS,SO,481,1.02718,429.62
CGCGQ,10/20/2019,NEWFOUNDLAND,ST. JOHN'S,WOODWARDS,SO,862,1.02718,769.94
CGCQK,10/20/2019,NEWFOUNDLAND,ST. JOHN'S,WOODWARDS,SO,634,1.0272,566.29
CGCQK,10/21/2019,NEWFOUNDLAND,GOOSE BAY,WOODWARDS,STRAIGHT PAYMENT,688,1.04834,627.18
CGCQK,10/22/2019,NEWFOUNDLAND,ST. JOHN'S,WOODWARDS,SO,500,1.0235,445
CGCGQ,10/22/2019,NEWFOUNDLAND,ST. JOHN'S,WOODWARDS,SO,852,1.04834,776.69
CGCGQ,10/22/2019,NEWFOUNDLAND,HOPEDALE,WOODWARDS,STRAIGHT PAYMENT,629,1.471,925.26
CGCGQ,10/23/2019,NEWFOUNDLAND,HOPEDALE,WOODWARDS,STRAIGHT PAYMENT,552,1.471,776.11
CGCGQ,10/23/2019,NEWFOUNDLAND,HOPEDALE,WOODWARDS,STRAIGHT PAYMENT,435,1.471,611.61
CGCQK,10/24/2019,NEWFOUNDLAND,ST. JOHN'S,WOODWARDS,SO,150,1.0235,133.5
CGCGQ,10/25/2019,NEWFOUNDLAND,GOOSE BAY,WOODWARDS,STRAIGHT PAYMENT,838.9,1.04834,764.74
CGCGQ,10/25/2019,NEWFOUNDLAND,HOPEDALE,WOODWARDS,STRAIGHT PAYMENT,254.29,1.471,357.53
CGCGQ,10/25/2019,NEWFOUNDLAND,HOPEDALE,WOODWARDS,STRAIGHT PAYMENT,928.55,1.471,1305.54
CGCQK,10/25/2019,NEWFOUNDLAND,ST. JOHN'S,WOODWARDS,SO,478.8,1.0235,426.13
CGCGQ,10/26/2019,NEWFOUNDLAND,HOPEDALE,WOODWARDS,STRAIGHT PAYMENT,315.24,1.471,443.23
CGCGQ,10/27/2019,NEWFOUNDLAND,HOPEDALE,WOODWARDS,STRAIGHT PAYMENT,270.87,1.471,380.84
CGCGQ,10/27/2019,NEWFOUNDLAND,HOPEDALE,WOODWARDS,STRAIGHT PAYMENT,533.09,1.471,749.52
CGCGQ,10/27/2019,NEWFOUNDLAND,HOPEDALE,WOODWARDS,STRAIGHT PAYMENT,495.41,1.471,696.55
CGCGQ,10/27/2019,NEWFOUNDLAND,HOPEDALE,WOODWARDS,STRAIGHT PAYMENT,390.03,1.471,548.38
CGCGQ,10/28/2019,NEWFOUNDLAND,HOPEDALE,WOODWARDS,STRAIGHT PAYMENT,313.61,1.471,440.94
CGCGQ,10/28/2019,NEWFOUNDLAND,HOPEDALE,WOODWARDS,STRAIGHT PAYMENT,633.5,1.471,890.7
CGCGQ,10/28/2019,NEWFOUNDLAND,GOOSE BAY,WOODWARDS,STRAIGHT PAYMENT,673.7,1.04834,614.15
CGCQK,10/28/2019,NEWFOUNDLAND,ST. JOHN'S,WOODWARDS,SO,431.4,1.02638,385.02
CGCGQ,10/29/2019,NEWFOUNDLAND,HOPEDALE,WOODWARDS,STRAIGHT PAYMENT,652.3,1.471,917.13
CGCGQ,10/29/2019,NEWFOUNDLAND,CARTWRIGHT,WOODWARDS,STRAIGHT PAYMENT,334,1.471,469.6
CGCIO,10/30/2019,NEWFOUNDLAND,HOPEDALE,WOODWARDS,STRAIGHT PAYMENT,262.63,1.471,369.26
CGCGQ,10/30/2019,NEWFOUNDLAND,HOPEDALE,WOODWARDS,STRAIGHT PAYMENT,388.82,1.471,546.68
CGCGQ,10/30/2019,NEWFOUNDLAND,GOOSE BAY,WOODWARDS,STRAIGHT PAYMENT,1463.8,1.04834,1334.4
CGCGQ,10/30/2019,NEWFOUNDLAND,MAKKOVIK,WOODWARDS,STRAIGHT PAYMENT,671.32,1.471,987.51
CGCIO,10/30/2019,NEWFOUNDLAND,ST. ANTHONY,PENNEY'S,STRAIGHT PAYMENT,494.1,1.71651,843.13
CGCIO,10/31/2019,NEWFOUNDLAND,GANDER,WOODWARDS,SO,214,0.91586,170.43
CGCGQ,10/31/2019,NEWFOUNDLAND,GOOSE BAY,WOODWARDS,STRAIGHT PAYMENT,727.8,1.04834,663.46
CGCGQ,10/31/2019,NEWFOUNDLAND,CARTWRIGHT,WOODWARDS,STRAIGHT PAYMENT,792,1.471,1113.55
FKLB,10/1/2019,"OTTAWA, ON",OTTAWA,SHELL,CONTRACT,906.7,0.952409838,863.55
FKLB,10/1/2019,"OTTAWA, ON",WINDSOR,WORLD FUEL,CONTRACT,680,1.445176471,982.72
FDOC,10/2/2019,"OTTAWA, ON",OTTAWA,SHELL,CONTRACT,181.8,0.952365237,173.14
FDOC,10/2/2019,"OTTAWA, ON",OTTAWA,SHELL,CONTRACT,160.9,0.952392791,153.24
FGXO,10/2/2019,"OTTAWA, ON",OTTAWA,SHELL,CONTRACT,884.9,0.952401401,842.78
FDOC,10/3/2019,"OTTAWA, ON",OTTAWA,SHELL,CONTRACT,451.3,0.952404166,429.82
FDOC,10/3/2019,"OTTAWA, ON",OTTAWA,SHELL,CONTRACT,189.2,0.95243129,180.2
FGXO,10/3/2019,"OTTAWA, ON",OTTAWA,SHELL,CONTRACT,464.7,0.952399397,442.58
FGXO,10/4/2019,"OTTAWA, ON",OTTAWA,SHELL,CONTRACT,128.2,0.9524961,122.11
FDOC,10/4/2019,"OTTAWA, ON",OTTAWA,SHELL,CONTRACT,170.6,0.952344666,162.47
FDOC,10/4/2019,"OTTAWA, ON",OTTAWA,SHELL,CONTRACT,156.2,0.952432778,148.77
FMOT,10/4/2019,"OTTAWA, ON",OTTAWA,SHELL,CONTRACT,103,0.952330097,98.09
FGXO,10/7/2019,"OTTAWA, ON",OTTAWA,SHELL,CONTRACT,520.4,0.952401998,495.63
FDOC,10/7/2019,"OTTAWA, ON",OTTAWA,SHELL,CONTRACT,195.9,0.952475753,186.59
FDOC,10/7/2019,"OTTAWA, ON",OTTAWA,SHELL,CONTRACT,229.7,0.952416195,218.77
FGXO,10/7/2019,"OTTAWA, ON",OTTAWA,SHELL,CONTRACT,860.1,0.952400884,819.16
FDOC,10/8/2019,"OTTAWA, ON",OTTAWA,SHELL,CONTRACT,45.2,0.934955752,42.26
FMOT,10/8/2019,"OTTAWA, ON",OTTAWA,SHELL,CONTRACT,364,0.93489011,340.3
FMOT,10/8/2019,"OTTAWA, ON",OTTAWA,SHELL,CONTRACT,341,0.934926686,318.81
FGXO,10/8/2019,"OTTAWA, ON",OTTAWA,SHELL,CONTRACT,882,0.934897959,824.58
FMOT,10/9/2019,"OTTAWA, ON",OTTAWA,SHELL,CONTRACT,290,0.934896552,271.12
FKLB,10/9/2019,"OTTAWA, ON",OTTAWA,SHELL,CONTRACT,1237,0.934898949,1156.47
FLKB,10/9/2019,"OTTAWA, ON",OTTAWA,IRVING,CONTRACT,1200,1.1873,1424.76
FMOT,10/9/2019,"OTTAWA, ON",OTTAWA,SHELL,CONTRACT,280.8,0.883297721,248.03
FMOT,10/10/2019,"OTTAWA, ON",OTTAWA,SHELL,CONTRACT,322.1,0.934895995,301.13
FGXO,10/10/2019,"OTTAWA, ON",OTTAWA,SHELL,CONTRACT,501.5,0.934895314,468.85
FKLB,10/10/2019,"OTTAWA, ON",OTTAWA,WORLD FUEL,CONTRACT,1140,1.603350877,1827.82
FDOC,10/10/2019,"OTTAWA, ON",OTTAWA,SHELL,CONTRACT,209.4,0.93495702,195.78
FGXO,10/13/2019,"OTTAWA, ON",OTTAWA,SHELL,CONTRACT,50.2,0.934860558,46.93
FGXO,10/12/2019,"OTTAWA, ON",OTTAWA,SHELL,CONTRACT,747.5,0.934889632,698.83
FDOC,10/15/2019,"OTTAWA, ON",OTTAWA,SHELL,CONTRACT,228.6,0.953018373,217.86
FGXO,10/15/2019,"OTTAWA, ON",OTTAWA,SHELL,CONTRACT,709.1,0.952996756,675.77
FDOC,10/15/2019,"OTTAWA, ON",OTTAWA,SHELL,CONTRACT,119.1,0.952980688,113.5
FMOT,10/15/2019,"OTTAWA, ON",OTTAWA,SHELL,CONTRACT,246.6,0.95296026,235
FMOT,10/16/2019,"OTTAWA, ON",OTTAWA,SHELL,CONTRACT,272.8,0.953005865,259.98
FMOT,10/16/2019,"OTTAWA, ON",OTTAWA,SHELL,CONTRACT,200.6,0.952991027,191.17
FDOC,10/16/2019,"OTTAWA, ON",OTTAWA,SHELL,CONTRACT,80.8,0.952970297,77
FDOC,10/16/2019,"OTTAWA, ON",OTTAWA,SHELL,CONTRACT,98.8,0.953036437,94.16
FGXO,10/16/2019,"OTTAWA, ON",OTTAWA,SHELL,CONTRACT,636.9,0.95299105,606.96
FGXO,10/16/2019,"OTTAWA, ON",OTTAWA,VILLE DE GASPE,CONTRACT,706.5,1.469992923,1038.55
FGXO,10/16/2019,"OTTAWA, ON",OTTAWA,VILLE DE GASPE,CONTRACT,964,1.46,1407.44
FGXO,10/16/2019,"OTTAWA, ON",OTTAWA,VILLE DE GASPE,CONTRACT,666,1.46,972.36
FKLB,10/18/2019,"OTTAWA, ON",OTTAWA,SHELL,CONTRACT,878.9,0.953009444,837.6
FDOC,10/18/2019,"OTTAWA, ON",OTTAWA,SHELL,CONTRACT,88.2,0.953061224,84.06
GDOT,10/18/2019,"OTTAWA, ON",OTTAWA,SHELL,CONTRACT,150.1,0.953031312,143.05
FGXO,10/18/2019,"OTTAWA, ON",OTTAWA,SHELL,CONTRACT,617.3,0.952988822,588.28
FKLB,10/18/2019,"OTTAWA, ON",OTTAWA,SHELL,CONTRACT,1418.7,0.952999225,1352.02
FDOC,10/18/2019,"OTTAWA, ON",OTTAWA,SHELL,CONTRACT,135.4,0.953028065,129.04
FKLB,10/21/2019,"OTTAWA, ON",MONCTON,SHELL,CONTRACT,1140,0.8905,1015.17
FDOC,10/21/2019,"OTTAWA, ON",OTTAWA,SHELL,CONTRACT,220.1,0.953021354,209.76
FGXJ,10/21/2019,"OTTAWA, ON",OTTAWA,SHELL,CONTRACT,402.8,0.952979146,383.86
FGXJ,10/21/2019,"OTTAWA, ON",OTTAWA,SHELL,CONTRACT,411.7,0.952975468,392.34
FKLB,10/21/2019,"OTTAWA, ON",OTTAWA,SHELL,CONTRACT,1945,0.953002571,1853.59
FGXO,10/21/2019,"OTTAWA, ON",OTTAWA,SHELL,CONTRACT,805,0.953006211,767.17
FGXO,10/21/2019,"OTTAWA, ON",OTTAWA,AVJET,CONTRACT,847.2,0.912700661,773.24
FGXO,10/22/2019,"OTTAWA, ON",WINDSOR,WORLD FUEL,CONTRACT,630,1.442095238,908.52
FDOC,10/22/2019,"OTTAWA, ON",OTTAWA,SHELL,CONTRACT,111.2,0.949730216,105.61
FKLB,10/22/2019,"OTTAWA, ON",OTTAWA,SHELL,CONTRACT,1160.7,0.949702766,1102.32
FGXO,10/22/2019,"OTTAWA, ON",OTTAWA,SHELL,CONTRACT,541.6,0.949704579,514.36
FDOC,10/23/2019,"OTTAWA, ON",OTTAWA,SHELL,CONTRACT,150.7,0.94976775,143.13
FDOC,10/23/2019,"OTTAWA, ON",OTTAWA,SHELL,CONTRACT,228.8,0.949694056,217.29
FGXO,10/23/2019,"OTTAWA, ON",OTTAWA,SHELL,CONTRACT,718.2,0.949707602,682.08
FKLB,10/24/2019,"OTTAWA, ON",OTTAWA,SHELL,CONTRACT,868.7,0.949694946,825
FDOC,10/24/2019,"OTTAWA, ON",OTTAWA,SHELL,CONTRACT,166.5,0.94972973,158.13
FGXO,10/24/2019,"OTTAWA, ON",SEPT-ILES,AVJET,CONTRACT,620.9,0.98951522,614.39
FGXO,10/24/2019,"OTTAWA, ON",OTTAWA,SHELL,CONTRACT,878.9,0.949709865,834.7
FGXO,10/25/2019,"OTTAWA, ON",WINDSOR,WORLD FUEL,CONTRACT,686,1.629125364,1117.58
FGXO,10/25/2019,"OTTAWA, ON",OTTAWA,SHELL,CONTRACT,245,0.949714286,232.68
FGXO,10/28/2019,"OTTAWA, ON",OTTAWA,SHELL,CONTRACT,274.4,0.949708455,260.6
FGXO,10/28/2019,"OTTAWA, ON",CHARLOTTETOWN,IRVING,CONTRACT,826,1.285399516,1061.74
FGXO,10/28/2019,"OTTAWA, ON",OTTAWA,SHELL,CONTRACT,645,0.949705426,612.56
FMOT,10/29/2019,"OTTAWA, ON",OTTAWA,AVJET,CONTRACT,138,1.126811594,155.5
FMOT,10/30/2019,"OTTAWA, ON",OTTAWA,SHELL,CONTRACT,254.1,0.952262889,241.97
615,10/1/2019,"OTTAWA, ON",OTTAWA,SHELL,CONTRACT,7251.8,0.900799801,6532.42
615,10/2/2019,"OTTAWA, ON",OTTAWA,SHELL,CONTRACT,2047.6,0.952397929,1950.13
615,10/3/2019,"OTTAWA, ON",OTTAWA,SHELL,CONTRACT,2700,0.9524,2571.48
617,10/3/2019,"OTTAWA, ON",OTTAWA,SHELL,CONTRACT,2285.2,0.952402416,2176.43
617,10/4/2019,"OTTAWA, ON",OTTAWA,SHELL,CONTRACT,7100.8,0.90079991,6396.4
615,10/4/2019,"OTTAWA, ON",OTTAWA,SHELL,CONTRACT,5528.3,0.952399472,5265.15
618,10/5/2019,"OTTAWA, ON",OTTAWA,SHELL,CONTRACT,5060,0.952401186,4819.15
615,10/6/2019,"OTTAWA, ON",OTTAWA,SHELL,CONTRACT,1745.6,0.952400321,1662.51
615,10/6/2019,"OTTAWA, ON",OTTAWA,SHELL,CONTRACT,1777.6,0.95239649,1692.98
618,10/7/2019,"OTTAWA, ON",OTTAWA,SHELL,CONTRACT,3450.3,0.95240124,3286.07
615,10/8/2019,"OTTAWA, ON",OTTAWA,SHELL,CONTRACT,1906.1,0.934898484,1782.01
617,10/9/2019,"OTTAWA, ON",OTTAWA,SHELL,CONTRACT,4650.4,0.934902374,4347.67
615,10/10/2019,"OTTAWA, ON",OTTAWA,SHELL,CONTRACT,5900.3,0.93489992,5516.19
617,10/10/2019,"OTTAWA, ON",OTTAWA,SHELL,CONTRACT,3875.7,0.934902082,3623.4
615,10/11/2019,"OTTAWA, ON",OTTAWA,SHELL,CONTRACT,1604.7,0.934897489,1500.23
617,10/14/2019,"OTTAWA, ON",OTTAWA,SHELL,CONTRACT,2925.4,0.93490121,2734.96
617,10/15/2019,"OTTAWA, ON",OTTAWA,SHELL,CONTRACT,6600.5,0.95300053,6290.28
615,10/16/2019,"OTTAWA, ON",OTTAWA,SHELL,CONTRACT,1511.9,0.952999537,1440.84
615,10/17/2019,"OTTAWA, ON",OTTAWA,SHELL,CONTRACT,2397.8,0.952998582,2285.1
618,10/16/2019,"OTTAWA, ON",OTTAWA,SHELL,CONTRACT,4809.8,0.953002204,4583.75
615,10/18/2019,"OTTAWA, ON",OTTAWA,SHELL,CONTRACT,2142.6,0.95299636,2041.89
615,10/10/2019,"OTTAWA, ON",CHEYENNE,LEGEND,GAC,4163.9,1.340262734,5580.72
615,10/18/2019,"OTTAWA, ON",OTTAWA,SHELL,CONTRACT,2103.1,0.952997955,2004.25
617,10/18/2019,"OTTAWA, ON",OTTAWA,SHELL,CONTRACT,900.4,0.953009773,858.09
615,10/18/2019,"OTTAWA, ON",OTTAWA,SHELL,CONTRACT,1608.3,0.953000062,1532.71
615,10/19/2019,"OTTAWA, ON",OTTAWA,SHELL,CONTRACT,1425.1,0.952999789,1358.12
615,10/21/2019,"OTTAWA, ON",OTTAWA,SHELL,CONTRACT,2549.5,0.952998627,2429.67
618,10/21/2019,"OTTAWA, ON",OTTAWA,SHELL,CONTRACT,4212,0.952998575,4014.03
615,10/21/2019,"OTTAWA, ON",OTTAWA,SHELL,CONTRACT,3383.7,0.953001153,3224.67
618,10/21/2019,"OTTAWA, ON",OTTAWA,SHELL,CONTRACT,600,0.953,571.8
615,10/22/2019,"OTTAWA, ON",OTTAWA,SHELL,CONTRACT,1460.5,0.94969531,1387.03
618,10/22/2019,"OTTAWA, ON",OTTAWA,SHELL,CONTRACT,480.1,0.94969798,455.95
618,10/22/2019,"OTTAWA, ON",OTTAWA,SHELL,CONTRACT,503,0.949681909,477.69
618,10/23/2019,"OTTAWA, ON",OTTAWA,SHELL,CONTRACT,650.8,0.949692686,618.06
615,10/23/2019,"OTTAWA, ON",OTTAWA,SHELL,CONTRACT,3087,0.949701976,2931.73
618,10/23/2019,"OTTAWA, ON",OTTAWA,SHELL,CONTRACT,845.7,0.949698475,803.16
617,10/24/2019,"OTTAWA, ON",OTTAWA,SHELL,CONTRACT,2906.7,0.949702412,2760.5
615,10/24/2019,"OTTAWA, ON",OTTAWA,SHELL,CONTRACT,2336.6,0.94969614,2219.06
615,10/24/2019,"OTTAWA, ON",OTTAWA,SHELL,CONTRACT,3150.4,0.949701625,2991.94
617,10/25/2019,"OTTAWA, ON",OTTAWA,SHELL,CONTRACT,2399.9,0.949697904,2279.18
615,10/25/2019,"OTTAWA, ON",OTTAWA,SHELL,CONTRACT,1205.6,0.949701393,1144.96
615,10/29/2019,"OTTAWA, ON",OTTAWA,SHELL,CONTRACT,3050.1,0.952299925,2904.61
615,10/29/2019,"OTTAWA, ON",OTTAWA,SHELL,CONTRACT,3444.5,0.952300769,3280.2
618,10/30/2019,"OTTAWA, ON",OTTAWA,SHELL,CONTRACT,1269.8,0.952299575,1209.23
615,10/31/2019,"OTTAWA, ON",OTTAWA,SHELL,CONTRACT,6080.2,0.952299266,5790.17
CFR,10/1/2019,"OTTAWA, ON",IQALUIT,UQSUQ,INVOICE,12580.9,1.326499694,16688.56
CFR,10/5/2019,"OTTAWA, ON",IQALUIT,UQSUQ,INVOICE,6597,1.326499924,8750.92
CFR,10/10/2019,"OTTAWA, ON",IQALUIT,UQSUQ,INVOICE,3621.9,1.326499903,4804.45
CFR,10/14/2019,"OTTAWA, ON",IQALUIT,UQSUQ,INVOICE,18612.6,1.32649979,24689.61
CFR,10/19/2019,"OTTAWA, ON",IQALUIT,UQSUQ,INVOICE,9672.9,1.326499809,12831.1
CFR,10/19/2019,"OTTAWA, ON",ST. JOHN'S,WOODWARD,INVOICE,5946.7,0.892500042,5307.43
CFR,10/22/2019,"OTTAWA, ON",IQALUIT,UQSUQ,INVOICE,9947.4,1.326500392,13195.23
CFR,10/30/2019,"OTTAWA, ON",ST. JOHN'S,WOODWARD,INVOICE,5075.9,0.892499852,4530.24
CFR,10/30/2019,"OTTAWA, ON",IQALUIT,UQSUQ,INVOICE,7290,1.445325103,10536.42
CUQ 948,10/30/2019,"PRINCE RUPERT, BC",SHEARWATER BC,SHEARWATER MARINE GROUP,GAC,843,1.95,1643.85
CUQ 948,10/10/2019,"PRINCE RUPERT, BC",BELLA BELLLA ,WAGLISLA FUEL SERVICES,GAC,459.7,1.959995649,901.01
CUQ 948,10/21/2019,"PRINCE RUPERT, BC",BELLA BELLLA ,WAGLISLA FUEL SERVICES,GAC,620.1,1.959990324,1215.39
CUQ 948,10/22/2019,"PRINCE RUPERT, BC",BELLA BELLLA ,WAGLISLA FUEL SERVICES,GAC,679.5,1.908712288,1296.97
CUQ 948,10/28/2019,"PRINCE RUPERT, BC",TERRACE,EXECUTIVE FLIGHT CENTRE,PR,581.3,1.556906933,905.03
CQR 443,10/3/2019,"PRINCE RUPERT, BC",SANDSPIT,WESTHAWK AVIATION SERVICE,GAC,538.5,1.808692576,973.9809524
CVE 943,10/10/2019,"PRINCE RUPERT, BC",MASSET,MASSET MUNICIPAL AIRPORT,GAC,228.9,1.698077763,388.69
CVE 943,10/8/2019,"PRINCE RUPERT, BC",MASSET,MASSET MUNICIPAL AIRPORT,GAC,705.4,1.567706266,1105.86
CVE 943,10/8/2019,"PRINCE RUPERT, BC",MASSET,MASSET MUNICIPAL AIRPORT,GAC,947.5,1.567704485,1485.4
CVE 943,10/31/2019,"PRINCE RUPERT, BC",MASSET,MASSET MUNICIPAL AIRPORT,GAC,447.2,1.949329159,871.74
CVE 943,10/30/2019,"PRINCE RUPERT, BC",MASSET,MASSET MUNICIPAL AIRPORT,GAC,702.5,1.567701068,1101.31
CVE 943,10/29/2019,"PRINCE RUPERT, BC",MASSET,MASSET MUNICIPAL AIRPORT,GAC,450.9,1.567709026,706.88
CVE 943,10/28/2019,"PRINCE RUPERT, BC",MASSET,MASSET MUNICIPAL AIRPORT,GAC,566.4,1.567708333,887.95
CVE 943,10/27/2019,"PRINCE RUPERT, BC",MASSET,MASSET MUNICIPAL AIRPORT,GAC,890.7,1.567699562,1396.35
CVE 943,10/27/2019,"PRINCE RUPERT, BC",MASSET,MASSET MUNICIPAL AIRPORT,GAC,412.8,1.567708333,647.15
CVE 943,10/25/2019,"PRINCE RUPERT, BC",MASSET,MASSET MUNICIPAL AIRPORT,GAC,352.7,1.567706266,552.93
GCQS,9/30/2019,"QUEBEC CITY, QC",QC,AVJET,PR,930.2,0.944614061,878.68
GCQG,9/28/2019,"QUEBEC CITY, QC",MATANE,AVJET,PR,438.7,1.768133121,775.68
GCQG,9/30/2019,"QUEBEC CITY, QC",BONAVENTURE,AVJET,PR,373,1.728391421,644.69
GCQG,9/27/2019,"QUEBEC CITY, QC",NATASHQUAN,AVJET,PR,137,1.932116788,264.7
GCQG,9/28/2019,"QUEBEC CITY, QC",QC,AVJET,PR,315,0.944920635,297.65
GCQG,9/27/2019,"QUEBEC CITY, QC",BAIE COMEAU,AVJET,PR,411.1,1.742593043,716.38
GCQS,9/30/2019,"QUEBEC CITY, QC",QC,AVJET,PR,290.6,0.944631796,274.51
GCQS,9/27/2019,"QUEBEC CITY, QC",QC,AVJET,PR,469.3,0.944640955,443.32
GCQS,9/26/2019,"QUEBEC CITY, QC",QC,AVJET,PR,473.5,0.864625132,409.4
GCGP,10/2/2019,"QUEBEC CITY, QC",NATASHQUAN,AVJET,PR,720.9,1.919017894,1383.42
GCGP,10/2/2019,"QUEBEC CITY, QC",QC,AVJET,PR,299.3,0.931139325,278.69
GCGP,10/1/2019,"QUEBEC CITY, QC",QC,AVJET,PR,1017,0.931111111,946.94
GCQT,10/1/2019,"QUEBEC CITY, QC",NATASHQUAN,AVJET,PR,581.2,1.919012388,1115.33
CIY,9/16/2019,"SHEARWATER, NS",DIGBY,DIGBY REG. AIRPORT,GAC,283.83,1.600007046,454.13
CIY,9/16/2019,"SHEARWATER, NS",DIGBY,DIGBY REG. AIRPORT,GAC,283.18,1.599830497,453.04
CIY,9/18/2019,"SHEARWATER, NS",PORT HAWKESBURY ,CELTIC AIR SERVICES ,GAC,373,1.89,704.97
CIY,9/18/2019,"SHEARWATER, NS",PORT HAWKESBURY ,CELTIC AIR SERVICES ,GAC,518,1.89,979.02
CIY,9/19/2019,"SHEARWATER, NS",PORT HAWKESBURY ,CELTIC AIR SERVICES ,GAC,359,1.89,678.51
CIY,9/20/2019,"SHEARWATER, NS",PORT HAWKESBURY ,CELTIC AIR SERVICES ,GAC,350,1.89,661.5
CRU,9/8/2019,"SHEARWATER, NS",DIGBY,DIGBY REG. AIRPORT,GAC,160.59,1.599975092,256.94
CRU,9/8/2019,"SHEARWATER, NS",DIGBY,DIGBY REG. AIRPORT,GAC,253.81,1.60001576,406.1
CRU,9/13/2019,"SHEARWATER, NS",DIGBY,DIGBY REG. AIRPORT,GAC,553.74,1.599992776,885.98
CPI,10/1/2019,"SHEARWATER, NS",PORT HAWKESBURY ,CELTIC AIR SERVICES ,GAC,496,1.89,937.44
CPI,10/1/2019,"SHEARWATER, NS",PORT HAWKESBURY ,CELTIC AIR SERVICES ,GAC,246,1.89,464.94
CGQ,9/6/2019,"SHEARWATER, NS",PORT HAWKESBURY ,CELTIC AIR SERVICES ,GAC,835,1.89,1578.15
CRU,10/29/2019,"SHEARWATER, NS",MIRAMICHI,IRVING OIL ,STANDING OFFER,440,1.855090909,816.24
CRU,10/29/2019,"SHEARWATER, NS",MIRAMICHI,IRVING OIL ,STANDING OFFER,310,1.855129032,575.09
CRU,10/30/2019,"SHEARWATER, NS",MIRAMICHI,IRVING OIL ,STANDING OFFER,600,1.8551,1113.06
CRU,10/30/2019,"SHEARWATER, NS",MIRAMICHI,IRVING OIL ,STANDING OFFER,250,1.85512,463.78
CIY,10/30/2019,"SHEARWATER, NS",MIRAMICHI,IRVING OIL ,STANDING OFFER,300,1.8551,556.53
CGQ,10/5/2019,"SHEARWATER, NS",SYDNEY ,IRVING OIL ,STANDING OFFER,647,1.223307573,791.48
CIY,10/3/2019,"SHEARWATER, NS",MIRAMICHI,IRVING OIL ,STANDING OFFER,490,1.855183673,909.04
C-FGXT,10/7/2019,VANCOUVER (AV),RICHMOND,EXECUTIVE AIRCRAFT,ACCOUNT,1806.6,0.822201926,1485.39
C-FGXT,10/14/2019,VANCOUVER (AV),RICHMOND,EXECUTIVE AIRCRAFT,ACCOUNT,1638,0.805702076,1319.74
C-FGXT,10/21/2019,VANCOUVER (AV),RICHMOND,EXECUTIVE AIRCRAFT,ACCOUNT,2195.9,0.81619837,1792.29
C-FGXT,10/16/2019,VANCOUVER (AV),SANDSPIT,WESTHAWK,GAC,595.5,1.708698573,1017.53
C-FGXT,10/18/2019,VANCOUVER (AV),MASSET,VILLAGE OF MASSET,GAC,560.4,1.725981442,967.24
C-FGXT,10/22/2019,VANCOUVER (AV),RICHMOND,EXECUTIVE AIRCRAFT,ACCOUNT,1797.8,0.812198242,1460.17
C-FGXT,10/29/2019,VANCOUVER (AV),RICHMOND,EXECUTIVE AIRCRAFT,ACCOUNT,2254,0.868500444,1957.6
C-GSUR,10/7/2019,VANCOUVER (GP),RICHMOND,EXECUTIVE AIRCRAFT,ACCOUNT,8719.6,0.82220056,7169.26
C-GSUR,9/29/2019,VANCOUVER (GP),INUVIK,APS INUVIK AIRPORT,GAC,3086.2,2.019600156,6232.89
C-GSUR,9/30/2019,VANCOUVER (GP),INUVIK,APS INUVIK AIRPORT,GAC,3063.8,2.019599843,6187.65
C-GSUR,10/29/2019,VANCOUVER (GP),RICHMOND,EXECUTIVE AIRCRAFT,ACCOUNT,4973,0.868499899,4319.05
C-GCIV,10/4/2019,"VICTORIA, BC",INUVIK,APS INUVIK AIRPORT,DD,999,2.003603604,2001.6
C-GCIV,10/14/2019,"VICTORIA, BC",LA RONGE,SHELL AVIATION,NFPP,482.6,1.106299213,533.9
C-GCIV,10/15/2019,"VICTORIA, BC",WINNIPEG,FASTAIR JET CENTRE,DD,318,1.33,422.94
C-GCIV,10/15/2019,"VICTORIA, BC",MOUNT HOPE,WORLD FUEL SERVICES,NFPP,543,1.004143646,545.25
C-GCIV,10/14/2019,"VICTORIA, BC",FORT MCMURRAY,EXECUTIVE FLIGHT CENTRE,NFPP,562.1,0.970983811,545.79
C-GCIV,10/15/2019,"VICTORIA, BC",PORT HARDY,WORLD FUEL SERVICES,NFPP,400,1.576425,630.57
C-GCIV,10/10/2019,"VICTORIA, BC",UNALAKLEET AK,WEST COAST AVIATION SERIVCE,GAC,383.08,2.396888378,918.2
C-GCIV,10/11/2019,"VICTORIA, BC",MCGRATH AK,NORTHERN PETROLEUM SERVICES,GAC,483.28,2.561103294,1237.73
C-GCIV,10/11/2019,"VICTORIA, BC",ANCHORAGE AK,ILIAMNA DEVELOPMENT CORP,GAC,443.73,1.653640727,733.77
C-GCIV,10/12/2019,"VICTORIA, BC",YAKUTAT AK,YAKUTAT AVIATION SERVICES,GAC,446.68,1.932233366,863.09
C-GCIV,10/12/2019,"VICTORIA, BC",CORDOVA AK,CORDOVA AIR SERVICE,GAC,335.39,2.09031277,701.07
C-GCIV,10/12/2019,"VICTORIA, BC",ANCHORAGE AK,"CROWLEY FUELS, CPD MERRILL MAIN",GAC,438.463,1.479030158,648.5
C-GCIV,10/15/2019,"VICTORIA, BC",MARATHON,MUNITIPAL AIRPORT MARATHON ,GAC,574.5,2.047624021,1176.36
C-GCIV,10/13/2019,"VICTORIA, BC",WHITEHORSE,NORTH 60 PETRO LTD,"PERSONAL CREDIT CARD, GAC BLOCKED BY FRAUD SUSPICION",264.28,1.144732859,302.53
C-GCIV,10/13/2019,"VICTORIA, BC",WATSON LAKE,PACE SETTER FUEL,"PERSONAL CREDIT CARD, GAC BLOCKED BY FRAUD SUSPICION",427.87,1.742842452,745.71
C-GCIV,10/13/2019,"VICTORIA, BC",FORT NELSON,SKY NORTH AVIATION,"PERSONAL CREDIT CARD, GAC BLOCKED BY FRAUD SUSPICION",475,1.55,736.25
C-GCIV,10/14/2019,"VICTORIA, BC",DAUGHIN,DAUGHIN REGIONAL AIRPORT,"PERSONAL CREDIT CARD, GAC BLOCKED BY FRAUD SUSPICION",600,1.38095,828.57
C-GCIV,10/14/2019,"VICTORIA, BC",HIGH LEVEL,HIGH LEVEL AIRPORT YOJ,"PERSONAL CREDIT CARD, GAC BLOCKED BY FRAUD SUSPICION",380,1.42,539.6
C-GCPV,9/19/2019,"VICTORIA, BC",PORT HARDY,WORLD FUEL SERVICES,NFPP,373,1.429383378,533.16
C-GCPV,9/10/2019,"VICTORIA, BC",GOLD RIVER,E & B HELICOPTERS,DD,355,1.6,568
C-GCPV,9/30/2019,"VICTORIA, BC",CAMPBELL RIVER,CITY OF C.R.,GAC,366.7,1.6,586.72
C-GCPV,10/3/2019,"VICTORIA, BC",PORT HARDY,WORLD FUEL SERVICES, NFPP,627,1.492344498,935.7
C-GCPV,9/19/2019,"VICTORIA, BC",PORT HARDY,WORLD FUEL SERVICES,NFPP,753,1.429561753,1076.46
C-GCPV,10/19/2019,"VICTORIA, BC",PORT HARDY,WORLD FUEL SERVICES,NFPP,886,1.45738149,1291.24
C-GCPV,10/19/2019,"VICTORIA, BC",VICTORIA,PACIFIC HELIPORT SERVICES,GAC,1197,1.65,1975.05
C-GCPV,10/2/2019,"VICTORIA, BC",MASSET,MASSET MUNICIPAL AIRPORT,GAC,388.5,1.567696268,609.05
C-GCPV,10/9/2019,"VICTORIA, BC",MASSET,MASSET MUNICIPAL AIRPORT,GAC,187,1.567700535,293.16
C-GCPV,10/23/2019,"VICTORIA, BC",UCLUELET,LONG BEACH ENTERPRISES,GAC,1262.12,1.8104761,2285.038095
C-GCPV,10/18/2019,"VICTORIA, BC",PORT HARDY,WORLD FUEL SERVICES,GAC,530,1.447301887,767.07
C-GCPV,10/9/2019,"VICTORIA, BC",SANDSPIT,WESTHAWK AVIATION,GAC,418.2,1.808703969,756.4
C-GCPV,10/21/2019,"VICTORIA, BC",VICTORIA,PACIFIC HELIPORT SERVICES,GAC,600,1.65,990
C-GCPV,10/28/2019,"VICTORIA, BC",CAMPBELL RIVER,CITY OF CAMPBELL RIVER,GAC,1906.9,1.6,3051.04
C-GCPV,10/8/2019,"VICTORIA, BC",DENNY ISLAND,SHEARWATER,GAC,380,1.95,741
C-GCQR,10/18/2019,"VICTORIA, BC",PORT HARDY,WORLD FUEL SERVICES,NFPP,443,1.456343115,645.16
C-GCQR,10/25/2019,"VICTORIA, BC",UCLUELET,LONG BEACH ENTERPRISES,GAC,525.74,1.810473038,951.8380952
C-GCQR,10/18/2019,"VICTORIA, BC",QUALICUM BEACH,QUALICUM BEACH,GAC,300,1.438095238,431.4285714
C-GCQR,10/22/2019,"VICTORIA, BC",UCLUELET,LONG BEACH ENTERPRISES,GAC,1420.04,1.81047214,2570.942857
C-GCQR,10/25/2019,"VICTORIA, BC",VICTORIA,PACIFIC HELIPORT SERVICES,GAC,1671,1.65,2757.15
C-GCQR,10/10/2019,"VICTORIA, BC",QUALICUM BEACH,QUALICUM BEACH,GAC,379.75,1.438088968,546.1142857
C-GCQR,10/29/2019,"VICTORIA, BC",VICTORIA,PACIFIC HELIPORT SERVICES,GAC,171,1.65,282.15
C-GCQR,10/31/2019,"VICTORIA, BC",QUALICUM BEACH,QUALICUM BEACH,GAC,532.36,1.438106688,765.5904762
C-GCKQ,9/19/2019,"VICTORIA, BC",GOLD RIVER,E & B HELICOPTERS,DD,600,1.6,960
C-GCKQ,10/1/2019,"VICTORIA, BC",PORT HARDY,WORLD FUEL SERVICES,NFPP,288,1.501840278,432.53
C-GCKQ,10/8/2019,"VICTORIA, BC",PORT HARDY,WORLD FUEL SERVICES,NFPP,737,1.420569878,1046.96
C-GCKQ,10/8/2019,"VICTORIA, BC",CAMPBELL RIVER,CITY OF CAMPBELL RIVER,GAC,228.2,1.6,365.12
C-GCKQ,10/11/2019,"VICTORIA, BC",PORT HARDY,WORLD FUEL SERVICES,NFPP,708,1.431567797,1013.55
C-GCKQ,10/24/2019,"VICTORIA, BC",PORT HARDY,WORLD FUEL SERVICES,NFPP,1615,1.432142415,2312.91
C-GCKQ,10/22/2019,"VICTORIA, BC",UCLUELET,LONG BEACH ENTERPRISES,GAC,1832.98,1.810478799,3318.571429
C-GCKQ,10/25/2019,"VICTORIA, BC",VICTORIA,PACIFIC HELIPORT,GAC,2272,1.65,3748.8
C-GCKQ,10/11/2019,"VICTORIA, BC",Ucluelet,LONG BEACH ENTERPRISES,GAC,1789.82,1.81047735,3240.428571
C-FMFM,10/1/2019,"WINNIPEG, MB",WINNIPEG,FAST AIR JET CENTRE,CONTRACT,1358.8,1.35,1834.38
C-FMFM,10/1/2019,"WINNIPEG, MB",WINNIPEG,FAST AIR JET CENTRE,CONTRACT,679.8,1.35,917.73
C-FLZA,10/7/2019,"WINNIPEG, MB",SASKATOON,SHELL CANADA PRODUCTS,CONTRACT,1140.5,0.884498027,1008.77
C-FLZA,10/7/2019,"WINNIPEG, MB",WINNIPEG,FAST AIR JET CENTRE,CONTRACT,900.1,1.350005555,1215.14
C-FLZA,10/8/2019,"WINNIPEG, MB",WINNIPEG,FAST AIR JET CENTRE,CONTRACT,1198.7,1.350004171,1618.25
C-FLZA,10/8/2019,"WINNIPEG, MB",WINNIPEG,FAST AIR JET CENTRE,CONTRACT,1139.6,1.35,1538.46
C-FLZA,10/16/2019,"WINNIPEG, MB",WINNIPEG,FAST AIR JET CENTRE,CONTRACT,585.3,1.350008543,790.16
C-FLZA,10/16/2019,"WINNIPEG, MB",REGINA,SHELL CANADA PRODUCTS,CONTRACT,1578.9,0.859402115,1356.91
C-FLZA,10/17/2019,"WINNIPEG, MB",SASKATOON,SHELL CANADA PRODUCTS,CONTRACT,1001.1,0.869303766,870.26
C-FLZA,10/17/2019,"WINNIPEG, MB",WINNIPEG,FAST AIR JET CENTRE,CONTRACT,241.2,1.35,325.62
C-FLZA,10/17/2019,"WINNIPEG, MB",WINNIPEG,FAST AIR JET CENTRE,CONTRACT,1469.7,1.350003402,1984.1
C-FMFM,10/21/2019,"WINNIPEG, MB",WINNIPEG,FAST AIR JET CENTRE,CONTRACT,629.7,1.35000794,850.1
C-FLZA,10/21/2019,"WINNIPEG, MB",WINNIPEG,FAST AIR JET CENTRE,CONTRACT,1359.6,1.35,1835.46
C-FLZA,10/21/2019,"WINNIPEG, MB",OTTAWA,SHELL CANADA PRODUCTS,CONTRACT,1600.7,0.953008059,1525.48
C-FLZA,10/24/2019,"WINNIPEG, MB",REGINA,SHELL CANADA PRODUCTS,CONTRACT,800,0.8528,682.24
C-FMFM,10/25/2019,"WINNIPEG, MB",WINNIPEG,FAST AIR JET CENTRE,CONTRACT,1335,1.35,1802.25
C-FLZA,10/24/2019,"WINNIPEG, MB",WINNIPEG,FAST AIR JET CENTRE,CONTRACT,1395.8,1.35,1884.33
C-FLZA,10/25/2019,"WINNIPEG, MB",OTTAWA,SHELL CANADA PRODUCTS,CONTRACT,1835.4,0.949700338,1743.08
C-FLZA,10/25/2019,"WINNIPEG, MB",THUNDERBAY,SHELL CANADA PRODUCTS,CONTRACT,1600,0.9699,1551.84
C-FLZA,10/31/2019,"WINNIPEG, MB",WINNIPEG,SHELL CANADA PRODUCTS,CONTRACT,459.8,1.35,620.73
C-FLZA,10/31/2019,"WINNIPEG, MB",WINNIPEG,SHELL CANADA PRODUCTS,CONTRACT,746.6,1.35,1007.91
